StartDevice,StartPort,EndDevice,Console_type,Console_menu_type,Proxy
strsc02-0101-0101-01c0,0/1/0,sc02-k02-pdu-2,ssh,,
strsc02-0101-0101-01c0,0/1/1,sc02-7060x6-optics-ft2-k02-u04,ssh,,
strsc02-0101-0101-01c0,0/1/10,sc02-ocs-k02-u37,ssh,,
strsc02-0101-0101-01c0,0/1/11,sc02-ocs-k02-u39,ssh,,
strsc02-0101-0101-01c0,0/1/12,sc02-ocs-k02-u41,ssh,,
strsc02-0101-0101-01c0,0/1/13,sc02-7050cx3-fan-share-k02-u29,ssh,,
strsc02-0101-0101-01c0,0/1/14,sc02-7050cx3-root-k02-u27,ssh,,
strsc02-0101-0101-01c0,0/1/15,sc02-nightly-server-k02-u19,ssh,,
strsc02-0101-0101-01c0,0/1/16,sc02-nightly-server-k02-u17,ssh,,
strsc02-0101-0101-01c0,0/1/17,sc02-nightly-server-k02-u15,ssh,,
strsc02-0101-0101-01c0,0/1/18,sc02-ixia-server-k02-u13,ssh,,
strsc02-0101-0101-01c0,0/1/2,sc02-7060x6-optics-ft2-fan-k02-u02,ssh,,
strsc02-0101-0101-01c0,0/1/3,strsc02-0101-0101-01m0,ssh,,
strsc02-0101-0101-01c0,0/1/6,sc02-k02-pdu-1,ssh,,
strsc02-0101-0101-01c0,0/1/7,sc02-ixia-k02-u07,ssh,,
strsc02-0101-0101-01c0,0/1/8,sc02-ixia-k02-u10,ssh,,
strsc02-0101-0101-01c0,0/1/9,sc02-ocs-k02-u35,ssh,,
strsc02-0101-0101-02c0,0/1/0,sc02-k03-pdu-2,ssh,,
strsc02-0101-0101-02c0,0/1/1,sc02-k04-pdu-2,ssh,,
strsc02-0101-0101-02c0,0/1/10,sc02-ixia-k03-u07,ssh,,
strsc02-0101-0101-02c0,0/1/11,sc02-ixia-k03-u10,ssh,,
strsc02-0101-0101-02c0,0/1/12,sc02-ixia-k04-u07,ssh,,
strsc02-0101-0101-02c0,0/1/13,sc02-ixia-k04-u10,ssh,,
strsc02-0101-0101-02c0,0/1/14,sc02-ocs-k03-u35,ssh,,
strsc02-0101-0101-02c0,0/1/15,sc02-ocs-k03-u37,ssh,,
strsc02-0101-0101-02c0,0/1/16,sc02-ocs-k03-u39,ssh,,
strsc02-0101-0101-02c0,0/1/17,sc02-ocs-k03-u41,ssh,,
strsc02-0101-0101-02c0,0/1/18,sc02-ocs-k04-u35,ssh,,
strsc02-0101-0101-02c0,0/1/19,sc02-ocs-k04-u37,ssh,,
strsc02-0101-0101-02c0,0/1/2,sc02-7060x6-optics-ft2-k03-u04,ssh,,
strsc02-0101-0101-02c0,0/1/20,sc02-ocs-k04-u39,ssh,,
strsc02-0101-0101-02c0,0/1/21,sc02-ocs-k04-u41,ssh,,
strsc02-0101-0101-02c0,0/1/22,sc02-7050cx3-fan-share-k03-u29,ssh,,
strsc02-0101-0101-02c0,0/1/23,sc02-7050cx3-root-k03-u27,ssh,,
strsc02-0101-0101-02c0,0/1/3,sc02-7060x6-optics-ft2-fan-k03-u02,ssh,,
strsc02-0101-0101-02c0,0/1/4,sc02-k03-ps-1,ssh,,
strsc02-0101-0101-02c0,0/1/5,sc02-k03-ps-2,ssh,,
strsc02-0101-0101-02c0,0/1/6,sc02-k04-ps-1,ssh,,
strsc02-0101-0101-02c0,0/1/7,sc02-k04-ps-2,ssh,,
strsc02-0101-0101-02c0,0/1/8,sc02-k03-pdu-1,ssh,,
strsc02-0101-0101-02c0,0/1/9,sc02-k04-pdu-1,ssh,,
strsc02-0101-0101-02c0,0/2/0,sc02-7050cx3-fan-share-k04-u29,ssh,,
strsc02-0101-0101-02c0,0/2/1,sc02-7050cx3-root-k04-u27,ssh,,
strsc02-0101-0101-02c0,0/2/10,strsc02-0101-0101-02m0,ssh,,
strsc02-0101-0101-02c0,0/2/2,sc02-nightly-server-k03-u19,ssh,,
strsc02-0101-0101-02c0,0/2/3,sc02-nightly-server-k03-u17,ssh,,
strsc02-0101-0101-02c0,0/2/4,sc02-nightly-server-k03-u15,ssh,,
strsc02-0101-0101-02c0,0/2/5,sc02-nightly-server-k04-u19,ssh,,
strsc02-0101-0101-02c0,0/2/6,sc02-nightly-server-k04-u17,ssh,,
strsc02-0101-0101-02c0,0/2/7,sc02-ixia-server-k03-u13,ssh,,
strsc02-0101-0101-02c0,0/2/8,sc02-ixia-server-k04-u13,ssh,,
strsc02-0101-0101-02c0,0/2/9,sc02-rdma-7060x6-k04-u04,ssh,,
strsc02-0101-0101-03c0,0/1/0,sc02-k05-pdu-2,ssh,,
strsc02-0101-0101-03c0,0/1/1,sc02-k06-pdu-2,ssh,,
strsc02-0101-0101-03c0,0/1/10,sc02-k05-pdu-1,ssh,,
strsc02-0101-0101-03c0,0/1/11,sc02-k06-pdu-1,ssh,,
strsc02-0101-0101-03c0,0/1/12,sc02-k07-pdu-1,ssh,,
strsc02-0101-0101-03c0,0/1/13,sc02-ixia-k05-u07,ssh,,
strsc02-0101-0101-03c0,0/1/14,sc02-ixia-k05-u10,ssh,,
strsc02-0101-0101-03c0,0/1/15,sc02-ixia-k06-u07,ssh,,
strsc02-0101-0101-03c0,0/1/16,sc02-ixia-k06-u10,ssh,,
strsc02-0101-0101-03c0,0/1/17,sc02-ixia-k07-u07,ssh,,
strsc02-0101-0101-03c0,0/1/18,sc02-ixia-k07-u10,ssh,,
strsc02-0101-0101-03c0,0/1/19,sc02-ocs-k05-u35,ssh,,
strsc02-0101-0101-03c0,0/1/2,sc02-k07-pdu-2,ssh,,
strsc02-0101-0101-03c0,0/1/20,sc02-ocs-k05-u37,ssh,,
strsc02-0101-0101-03c0,0/1/21,sc02-ocs-k05-u39,ssh,,
strsc02-0101-0101-03c0,0/1/22,sc02-ocs-k05-u41,ssh,,
strsc02-0101-0101-03c0,0/1/23,sc02-ocs-k06-u35,ssh,,
strsc02-0101-0101-03c0,0/1/3,sc02-rdma-sn5640-k05-u04,ssh,,
strsc02-0101-0101-03c0,0/1/4,sc02-interop-dt2-sn2700-k06-u02,ssh,,
strsc02-0101-0101-03c0,0/1/5,sc02-interop-dt2-7050cx3-k06-u04,ssh,,
strsc02-0101-0101-03c0,0/1/6,sc02-interop-dt2-8101-k07-u02,ssh,,
strsc02-0101-0101-03c0,0/1/7,sc02-interop-dt2-8102-k07-u04,ssh,,
strsc02-0101-0101-03c0,0/1/8,sc02-j04-ps-1,ssh,,
strsc02-0101-0101-03c0,0/1/9,sc02-j04-ps-2,ssh,,
strsc02-0101-0101-03c0,0/2/0,sc02-ocs-k06-u37,ssh,,
strsc02-0101-0101-03c0,0/2/1,sc02-ocs-k06-u39,ssh,,
strsc02-0101-0101-03c0,0/2/10,sc02-7050cx3-root-k06-u27,ssh,,
strsc02-0101-0101-03c0,0/2/11,sc02-7050cx3-fan-share-k07-u29,ssh,,
strsc02-0101-0101-03c0,0/2/12,sc02-7050cx3-root-k07-u27,ssh,,
strsc02-0101-0101-03c0,0/2/13,sc02-nightly-server-k05-u17,ssh,,
strsc02-0101-0101-03c0,0/2/14,sc02-nightly-server-k05-u19,ssh,,
strsc02-0101-0101-03c0,0/2/15,sc02-nightly-server-k06-u19,ssh,,
strsc02-0101-0101-03c0,0/2/16,sc02-nightly-server-k06-u17,ssh,,
strsc02-0101-0101-03c0,0/2/17,sc02-nightly-server-k07-u19,ssh,,
strsc02-0101-0101-03c0,0/2/18,sc02-nightly-server-k07-u17,ssh,,
strsc02-0101-0101-03c0,0/2/19,sc02-interop-server-k06-u15,ssh,,
strsc02-0101-0101-03c0,0/2/2,sc02-ocs-k06-u41,ssh,,
strsc02-0101-0101-03c0,0/2/20,sc02-interop-server-k07-u15,ssh,,
strsc02-0101-0101-03c0,0/2/21,sc02-ixia-server-k05-u13,ssh,,
strsc02-0101-0101-03c0,0/2/22,sc02-ixia-server-k06-u13,ssh,,
strsc02-0101-0101-03c0,0/2/23,sc02-ixia-server-k07-u13,ssh,,
strsc02-0101-0101-03c0,0/2/3,sc02-ocs-k07-u35,ssh,,
strsc02-0101-0101-03c0,0/2/4,sc02-ocs-k07-u37,ssh,,
strsc02-0101-0101-03c0,0/2/5,sc02-ocs-k07-u39,ssh,,
strsc02-0101-0101-03c0,0/2/6,sc02-ocs-k07-u41,ssh,,
strsc02-0101-0101-03c0,0/2/7,sc02-7050cx3-fan-share-k05-u29,ssh,,
strsc02-0101-0101-03c0,0/2/8,sc02-7050cx3-root-k05-u27,ssh,,
strsc02-0101-0101-03c0,0/2/9,sc02-7050cx3-fan-share-k06-u29,ssh,,
strsc02-0101-0101-03c0,0/3/0,strsc02-0101-0101-03m0,ssh,,
strsc02-0101-0101-04c0,0/1/0,sc02-k08-pdu-2,ssh,,
strsc02-0101-0101-04c0,0/1/1,sc02-stress-sn6600-ld-t0-k10-u37,ssh,,
strsc02-0101-0101-04c0,0/1/10,sc02-k08-pdu-1,ssh,,
strsc02-0101-0101-04c0,0/1/11,sc02-ixia-k08-u07,ssh,,
strsc02-0101-0101-04c0,0/1/12,sc02-ixia-k08-u10,ssh,,
strsc02-0101-0101-04c0,0/1/13,sc02-ocs-k08-u35,ssh,,
strsc02-0101-0101-04c0,0/1/14,sc02-ocs-k08-u37,ssh,,
strsc02-0101-0101-04c0,0/1/15,sc02-ocs-k08-u39,ssh,,
strsc02-0101-0101-04c0,0/1/16,sc02-ocs-k08-u41,ssh,,
strsc02-0101-0101-04c0,0/1/17,sc02-interop-server-k08-u15,ssh,,
strsc02-0101-0101-04c0,0/1/18,sc02-ixia-server-k08-u13,ssh,,
strsc02-0101-0101-04c0,0/1/19,sc02-sn5640-k08-u27,ssh,,
strsc02-0101-0101-04c0,0/1/2,sc02-stress-sn6600-ld-t0-k10-u35,ssh,,
strsc02-0101-0101-04c0,0/1/20,sc02-sn5640-fan-k08-u25,ssh,,
strsc02-0101-0101-04c0,0/1/21,sc02-sn5640-k08-u23,ssh,,
strsc02-0101-0101-04c0,0/1/22,sc02-sn5640-fan-k08-u21,ssh,,
strsc02-0101-0101-04c0,0/1/3,sc02-stress-sn6600-ld-t1-k10-u33,ssh,,
strsc02-0101-0101-04c0,0/1/4,sc02-stress-sn6600-ld-t1-k10-u31,ssh,,
strsc02-0101-0101-04c0,0/1/5,sc02-stress-sn6600-ld-t0-k10-u29,ssh,,
strsc02-0101-0101-04c0,0/1/6,sc02-stress-sn6600-ld-t0-k10-u27,ssh,,
strsc02-0101-0101-04c0,0/1/7,sc02-stress-7060xe7-64prs-t0-k10-u25,ssh,,
strsc02-0101-0101-04c0,0/1/8,sc02-j07-ps-1,ssh,,
strsc02-0101-0101-04c0,0/1/9,sc02-j07-ps-2,ssh,,
strsc02-0101-0101-04c0,0/2/0,sc02-stress-7060xe7-64prs-t0-k10-u23,ssh,,
strsc02-0101-0101-04c0,0/2/1,sc02-stress-7060xe7-64prs-t1-k10-u21,ssh,,
strsc02-0101-0101-04c0,0/2/2,sc02-stress-7060xe7-64prs-t1-k10-u19,ssh,,
strsc02-0101-0101-04c0,0/2/3,sc02-stress-7060xe7-64prs-t0-k10-u17,ssh,,
strsc02-0101-0101-04c0,0/2/4,sc02-stress-7060xe7-64prs-t0-k10-u15,ssh,,
strsc02-0101-0101-04c0,0/2/5,sc02-interop-dt2-7060x6-k08-u02,ssh,,
strsc02-0101-0101-04c0,0/2/6,sc02-interop-dt2-7060x6-k08-u04,ssh,,
strsc02-0101-0101-04c0,0/2/7,strsc02-0101-0101-04m0,ssh,,
strsc02-0101-0101-05c0,0/1/0,sc02-k09-pdu-2,ssh,,
strsc02-0101-0101-05c0,0/1/1,sc02-interop-ft0-8101-k13-u37,ssh,,
strsc02-0101-0101-05c0,0/1/10,sc02-k09-pdu-1,ssh,,
strsc02-0101-0101-05c0,0/1/11,sc02-ixia-k09-u07,ssh,,
strsc02-0101-0101-05c0,0/1/12,sc02-ixia-k09-u10,ssh,,
strsc02-0101-0101-05c0,0/1/13,sc02-ocs-k09-u35,ssh,,
strsc02-0101-0101-05c0,0/1/14,sc02-ocs-k09-u37,ssh,,
strsc02-0101-0101-05c0,0/1/15,sc02-ocs-k09-u39,ssh,,
strsc02-0101-0101-05c0,0/1/16,sc02-ocs-k09-u41,ssh,,
strsc02-0101-0101-05c0,0/1/17,sc02-interop-server-k09-u15,ssh,,
strsc02-0101-0101-05c0,0/1/18,sc02-ixia-server-k09-u13,ssh,,
strsc02-0101-0101-05c0,0/1/19,sc02-sn5640-k09-u27,ssh,,
strsc02-0101-0101-05c0,0/1/2,sc02-interop-ft0-sn6600-ld-k13-u35,ssh,,
strsc02-0101-0101-05c0,0/1/20,sc02-sn5640-fan-k09-u25,ssh,,
strsc02-0101-0101-05c0,0/1/21,sc02-sn5640-k09-u23,ssh,,
strsc02-0101-0101-05c0,0/1/22,sc02-sn5640-fan-k09-u21,ssh,,
strsc02-0101-0101-05c0,0/1/23,sc02-interop-bt2-7060xe7-64prs-k13-u19,ssh,,
strsc02-0101-0101-05c0,0/1/3,sc02-interop-bt0-sn6600-ld-k13-u33,ssh,,
strsc02-0101-0101-05c0,0/1/4,sc02-interop-bt0-sn6600-ld-k13-u31,ssh,,
strsc02-0101-0101-05c0,0/1/5,sc02-interop-bt1-sn6600-ld-k13-u29,ssh,,
strsc02-0101-0101-05c0,0/1/6,sc02-interop-bt2-sn6600-ld-k13-u27,ssh,,
strsc02-0101-0101-05c0,0/1/7,sc02-interop-bt0-7060xe7-64prs-k13-u25,ssh,,
strsc02-0101-0101-05c0,0/1/8,sc02-interop-bt0-7060xe7-64prs-k13-u23,ssh,,
strsc02-0101-0101-05c0,0/1/9,sc02-interop-bt1-7060xe7-64prs-k13-u21,ssh,,
strsc02-0101-0101-05c0,0/2/0,sc02-rdma-sn6600-lds-k13-u17,ssh,,
strsc02-0101-0101-05c0,0/2/1,sc02-rdma-7060xe7-64prs-k13-u15,ssh,,
strsc02-0101-0101-05c0,0/2/2,sc02-interop-fw2-bt1-7060x6-k09-u02,ssh,,
strsc02-0101-0101-05c0,0/2/3,sc02-interop-fw2-bt1-sn5640-k09-u04,ssh,,
strsc02-0101-0101-05c0,0/2/4,strsc02-0101-0101-05m0,ssh,,
strsc02-0101-0101-06c0,0/1/0,sc02-sn6600-ld-j02-u33,ssh,,
strsc02-0101-0101-06c0,0/1/1,sc02-sn6600-ld-fan-j02-u31,ssh,,
strsc02-0101-0101-06c0,0/1/10,sc02-8101-ld-j02-u03,ssh,,
strsc02-0101-0101-06c0,0/1/11,sc02-8101-ld-fan-j02-u02,ssh,,
strsc02-0101-0101-06c0,0/1/12,sc02-7060xe7-64prs-j02-u17,ssh,,
strsc02-0101-0101-06c0,0/1/13,sc02-7060xe7-64prs-fan-j02-u15,ssh,,
strsc02-0101-0101-06c0,0/1/14,sc02-7060xe7-64prs-j02-u13,ssh,,
strsc02-0101-0101-06c0,0/1/15,sc02-7060xe7-64prs-fan-j02-u11,ssh,,
strsc02-0101-0101-06c0,0/1/16,sc02-7060xe7-64prs-j02-u09,ssh,,
strsc02-0101-0101-06c0,0/1/17,sc02-7060xe7-64prs-fan-j02-u07,ssh,,
strsc02-0101-0101-06c0,0/1/18,strsc02-0101-0101-06m0,ssh,,
strsc02-0101-0101-06c0,0/1/2,sc02-sn6600-ld-j02-u29,ssh,,
strsc02-0101-0101-06c0,0/1/3,sc02-sn6600-ld-fan-j02-u27,ssh,,
strsc02-0101-0101-06c0,0/1/4,sc02-sn6600-ld-j02-u25,ssh,,
strsc02-0101-0101-06c0,0/1/5,sc02-sn6600-ld-fan-j02-u23,ssh,,
strsc02-0101-0101-06c0,0/1/6,sc02-sn6600-ld-j02-u21,ssh,,
strsc02-0101-0101-06c0,0/1/7,sc02-sn6600-ld-fan-j02-u19,ssh,,
strsc02-0101-0101-06c0,0/1/8,sc02-sn4700-ld-j02-u05,ssh,,
strsc02-0101-0101-06c0,0/1/9,sc02-sn4700-ld-fan-j02-u04,ssh,,
strsc02-0101-0101-07c0,0/1/0,sc02-sn6600-ld-j05-u29,ssh,,
strsc02-0101-0101-07c0,0/1/1,sc02-sn6600-ld-fan-j05-u27,ssh,,
strsc02-0101-0101-07c0,0/1/10,sc02-7060xe7-64prs-j05-u13,ssh,,
strsc02-0101-0101-07c0,0/1/11,sc02-7060xe7-64prs-fan-j05-u11,ssh,,
strsc02-0101-0101-07c0,0/1/12,sc02-7060xe7-64prs-j05-u09,ssh,,
strsc02-0101-0101-07c0,0/1/13,sc02-7060xe7-64prs-fan-j05-u07,ssh,,
strsc02-0101-0101-07c0,0/1/14,sc02-sn4700-ld-j02-u38,ssh,,
strsc02-0101-0101-07c0,0/1/15,sc02-sn4700-ld-fan-j02-u37,ssh,,
strsc02-0101-0101-07c0,0/1/16,sc02-8101-ld-j02-u36,ssh,,
strsc02-0101-0101-07c0,0/1/17,sc02-8101-ld-fan-j02-u35,ssh,,
strsc02-0101-0101-07c0,0/1/18,strsc02-0101-0101-07m0,ssh,,
strsc02-0101-0101-07c0,0/1/2,sc02-sn6600-ld-j05-u25,ssh,,
strsc02-0101-0101-07c0,0/1/3,sc02-sn6600-ld-fan-j05-u23,ssh,,
strsc02-0101-0101-07c0,0/1/4,sc02-sn6600-ld-j05-u21,ssh,,
strsc02-0101-0101-07c0,0/1/5,sc02-sn6600-ld-fan-j05-u19,ssh,,
strsc02-0101-0101-07c0,0/1/6,sc02-7060xe7-64prs-j05-u33,ssh,,
strsc02-0101-0101-07c0,0/1/7,sc02-7060xe7-64prs-fan-j05-u31,ssh,,
strsc02-0101-0101-07c0,0/1/8,sc02-7060xe7-64prs-j05-u17,ssh,,
strsc02-0101-0101-07c0,0/1/9,sc02-7060xe7-64prs-fan-j05-u15,ssh,,
