StartDevice,StartPort,EndDevice,EndPort
sc02-ixia-k02-u07,Port1,sc02-ocs-k02-u39,61
sc02-ixia-k02-u07,Port2,sc02-ocs-k02-u39,62
sc02-ixia-k02-u07,Port3,sc02-ocs-k02-u39,63
sc02-ixia-k02-u07,Port4,sc02-ocs-k02-u39,64
sc02-ixia-k02-u07,Port5,sc02-ocs-k02-u41,61
sc02-ixia-k02-u07,Port6,sc02-ocs-k02-u41,62
sc02-ixia-k02-u07,Port7,sc02-ocs-k02-u41,63
sc02-ixia-k02-u07,Port8,sc02-ocs-k02-u41,64
sc02-ixia-k02-u10,Port1,sc02-ocs-k02-u35,61
sc02-ixia-k02-u10,Port2,sc02-ocs-k02-u35,62
sc02-ixia-k02-u10,Port3,sc02-ocs-k02-u35,63
sc02-ixia-k02-u10,Port4,sc02-ocs-k02-u35,64
sc02-ixia-k02-u10,Port5,sc02-ocs-k02-u37,61
sc02-ixia-k02-u10,Port6,sc02-ocs-k02-u37,62
sc02-ixia-k02-u10,Port7,sc02-ocs-k02-u37,63
sc02-ixia-k02-u10,Port8,sc02-ocs-k02-u37,64
sc02-ixia-k03-u07,Port1,sc02-ocs-k03-u39,61
sc02-ixia-k03-u07,Port2,sc02-ocs-k03-u39,62
sc02-ixia-k03-u07,Port3,sc02-ocs-k03-u39,63
sc02-ixia-k03-u07,Port4,sc02-ocs-k03-u39,64
sc02-ixia-k03-u07,Port5,sc02-ocs-k03-u41,61
sc02-ixia-k03-u07,Port6,sc02-ocs-k03-u41,62
sc02-ixia-k03-u07,Port7,sc02-ocs-k03-u41,63
sc02-ixia-k03-u07,Port8,sc02-ocs-k03-u41,64
sc02-ixia-k03-u10,Port1,sc02-ocs-k03-u35,61
sc02-ixia-k03-u10,Port2,sc02-ocs-k03-u35,62
sc02-ixia-k03-u10,Port3,sc02-ocs-k03-u35,63
sc02-ixia-k03-u10,Port4,sc02-ocs-k03-u35,64
sc02-ixia-k03-u10,Port5,sc02-ocs-k03-u37,61
sc02-ixia-k03-u10,Port6,sc02-ocs-k03-u37,62
sc02-ixia-k03-u10,Port7,sc02-ocs-k03-u37,63
sc02-ixia-k03-u10,Port8,sc02-ocs-k03-u37,64
sc02-ixia-k04-u07,Port1,sc02-ocs-k04-u39,61
sc02-ixia-k04-u07,Port2,sc02-ocs-k04-u39,62
sc02-ixia-k04-u07,Port3,sc02-ocs-k04-u39,63
sc02-ixia-k04-u07,Port4,sc02-ocs-k04-u39,64
sc02-ixia-k04-u07,Port5,sc02-ocs-k04-u41,61
sc02-ixia-k04-u07,Port6,sc02-ocs-k04-u41,62
sc02-ixia-k04-u07,Port7,sc02-ocs-k04-u41,63
sc02-ixia-k04-u07,Port8,sc02-ocs-k04-u41,64
sc02-ixia-k04-u10,Port1,sc02-ocs-k04-u35,61
sc02-ixia-k04-u10,Port2,sc02-ocs-k04-u35,62
sc02-ixia-k04-u10,Port3,sc02-ocs-k04-u35,63
sc02-ixia-k04-u10,Port4,sc02-ocs-k04-u35,64
sc02-ixia-k04-u10,Port5,sc02-ocs-k04-u37,61
sc02-ixia-k04-u10,Port6,sc02-ocs-k04-u37,62
sc02-ixia-k04-u10,Port7,sc02-ocs-k04-u37,63
sc02-ixia-k04-u10,Port8,sc02-ocs-k04-u37,64
sc02-ixia-k05-u07,Port1,sc02-ocs-k05-u39,61
sc02-ixia-k05-u07,Port2,sc02-ocs-k05-u39,62
sc02-ixia-k05-u07,Port3,sc02-ocs-k05-u39,63
sc02-ixia-k05-u07,Port4,sc02-ocs-k05-u39,64
sc02-ixia-k05-u07,Port5,sc02-ocs-k05-u41,61
sc02-ixia-k05-u07,Port6,sc02-ocs-k05-u41,62
sc02-ixia-k05-u07,Port7,sc02-ocs-k05-u41,63
sc02-ixia-k05-u07,Port8,sc02-ocs-k05-u41,64
sc02-ixia-k05-u10,Port1,sc02-ocs-k05-u35,61
sc02-ixia-k05-u10,Port2,sc02-ocs-k05-u35,62
sc02-ixia-k05-u10,Port3,sc02-ocs-k05-u35,63
sc02-ixia-k05-u10,Port4,sc02-ocs-k05-u35,64
sc02-ixia-k05-u10,Port5,sc02-ocs-k05-u37,61
sc02-ixia-k05-u10,Port6,sc02-ocs-k05-u37,62
sc02-ixia-k05-u10,Port7,sc02-ocs-k05-u37,63
sc02-ixia-k05-u10,Port8,sc02-ocs-k05-u37,64
sc02-ixia-k06-u07,Port1,sc02-ocs-k06-u39,61
sc02-ixia-k06-u07,Port2,sc02-ocs-k06-u39,62
sc02-ixia-k06-u07,Port3,sc02-ocs-k06-u39,63
sc02-ixia-k06-u07,Port4,sc02-ocs-k06-u39,64
sc02-ixia-k06-u07,Port5,sc02-ocs-k06-u41,61
sc02-ixia-k06-u07,Port6,sc02-ocs-k06-u41,62
sc02-ixia-k06-u07,Port7,sc02-ocs-k06-u41,63
sc02-ixia-k06-u07,Port8,sc02-ocs-k06-u41,64
sc02-ixia-k06-u10,Port1,sc02-ocs-k06-u35,61
sc02-ixia-k06-u10,Port2,sc02-ocs-k06-u35,62
sc02-ixia-k06-u10,Port3,sc02-ocs-k06-u35,63
sc02-ixia-k06-u10,Port4,sc02-ocs-k06-u35,64
sc02-ixia-k06-u10,Port5,sc02-ocs-k06-u37,61
sc02-ixia-k06-u10,Port6,sc02-ocs-k06-u37,62
sc02-ixia-k06-u10,Port7,sc02-ocs-k06-u37,63
sc02-ixia-k06-u10,Port8,sc02-ocs-k06-u37,64
sc02-ixia-k07-u07,Port1,sc02-ocs-k07-u39,61
sc02-ixia-k07-u07,Port2,sc02-ocs-k07-u39,62
sc02-ixia-k07-u07,Port3,sc02-ocs-k07-u39,63
sc02-ixia-k07-u07,Port4,sc02-ocs-k07-u39,64
sc02-ixia-k07-u07,Port5,sc02-ocs-k07-u41,61
sc02-ixia-k07-u07,Port6,sc02-ocs-k07-u41,62
sc02-ixia-k07-u07,Port7,sc02-ocs-k07-u41,63
sc02-ixia-k07-u07,Port8,sc02-ocs-k07-u41,64
sc02-ixia-k07-u10,Port1,sc02-ocs-k07-u35,61
sc02-ixia-k07-u10,Port2,sc02-ocs-k07-u35,62
sc02-ixia-k07-u10,Port3,sc02-ocs-k07-u35,63
sc02-ixia-k07-u10,Port4,sc02-ocs-k07-u35,64
sc02-ixia-k07-u10,Port5,sc02-ocs-k07-u37,61
sc02-ixia-k07-u10,Port6,sc02-ocs-k07-u37,62
sc02-ixia-k07-u10,Port7,sc02-ocs-k07-u37,63
sc02-ixia-k07-u10,Port8,sc02-ocs-k07-u37,64
sc02-ixia-k08-u07,Port1,sc02-ocs-k08-u39,61
sc02-ixia-k08-u07,Port2,sc02-ocs-k08-u39,62
sc02-ixia-k08-u07,Port3,sc02-ocs-k08-u39,63
sc02-ixia-k08-u07,Port4,sc02-ocs-k08-u39,64
sc02-ixia-k08-u07,Port5,sc02-ocs-k08-u41,61
sc02-ixia-k08-u07,Port6,sc02-ocs-k08-u41,62
sc02-ixia-k08-u07,Port7,sc02-ocs-k08-u41,63
sc02-ixia-k08-u07,Port8,sc02-ocs-k08-u41,64
sc02-ixia-k08-u10,Port1,sc02-ocs-k08-u35,61
sc02-ixia-k08-u10,Port2,sc02-ocs-k08-u35,62
sc02-ixia-k08-u10,Port3,sc02-ocs-k08-u35,63
sc02-ixia-k08-u10,Port4,sc02-ocs-k08-u35,64
sc02-ixia-k08-u10,Port5,sc02-ocs-k08-u37,61
sc02-ixia-k08-u10,Port6,sc02-ocs-k08-u37,62
sc02-ixia-k08-u10,Port7,sc02-ocs-k08-u37,63
sc02-ixia-k08-u10,Port8,sc02-ocs-k08-u37,64
sc02-ixia-k09-u07,Port1,sc02-ocs-k09-u39,61
sc02-ixia-k09-u07,Port2,sc02-ocs-k09-u39,62
sc02-ixia-k09-u07,Port3,sc02-ocs-k09-u39,63
sc02-ixia-k09-u07,Port4,sc02-ocs-k09-u39,64
sc02-ixia-k09-u07,Port5,sc02-ocs-k09-u41,61
sc02-ixia-k09-u07,Port6,sc02-ocs-k09-u41,62
sc02-ixia-k09-u07,Port7,sc02-ocs-k09-u41,63
sc02-ixia-k09-u07,Port8,sc02-ocs-k09-u41,64
sc02-ixia-k09-u10,Port1,sc02-ocs-k09-u35,61
sc02-ixia-k09-u10,Port2,sc02-ocs-k09-u35,62
sc02-ixia-k09-u10,Port3,sc02-ocs-k09-u35,63
sc02-ixia-k09-u10,Port4,sc02-ocs-k09-u35,64
sc02-ixia-k09-u10,Port5,sc02-ocs-k09-u37,61
sc02-ixia-k09-u10,Port6,sc02-ocs-k09-u37,62
sc02-ixia-k09-u10,Port7,sc02-ocs-k09-u37,63
sc02-ixia-k09-u10,Port8,sc02-ocs-k09-u37,64
sc02-ixia-server-k02-u13,null-1,sc02-ocs-k02-u41,60
sc02-ixia-server-k03-u13,null-1,sc02-ocs-k03-u41,60
sc02-ixia-server-k04-u13,null-1,sc02-ocs-k04-u41,60
sc02-ixia-server-k05-u13,null-1,sc02-ocs-k05-u41,60
sc02-ixia-server-k06-u13,null-1,sc02-ocs-k06-u41,60
sc02-ixia-server-k07-u13,null-1,sc02-ocs-k07-u41,60
sc02-ixia-server-k08-u13,null-1,sc02-ocs-k08-u41,60
sc02-ixia-server-k09-u13,null-1,sc02-ocs-k09-u41,60
sc02-rdma-7060xe7-64prs-k13-u15,etp10a,sc02-ocs-k09-u35,15
sc02-rdma-7060xe7-64prs-k13-u15,etp10b,sc02-ocs-k09-u35,16
sc02-rdma-7060xe7-64prs-k13-u15,etp11a,sc02-ocs-k09-u37,13
sc02-rdma-7060xe7-64prs-k13-u15,etp11b,sc02-ocs-k09-u37,14
sc02-rdma-7060xe7-64prs-k13-u15,etp12a,sc02-ocs-k09-u37,15
sc02-rdma-7060xe7-64prs-k13-u15,etp12b,sc02-ocs-k09-u37,16
sc02-rdma-7060xe7-64prs-k13-u15,etp13a,sc02-ocs-k09-u39,13
sc02-rdma-7060xe7-64prs-k13-u15,etp13b,sc02-ocs-k09-u39,14
sc02-rdma-7060xe7-64prs-k13-u15,etp14a,sc02-ocs-k09-u39,15
sc02-rdma-7060xe7-64prs-k13-u15,etp14b,sc02-ocs-k09-u39,16
sc02-rdma-7060xe7-64prs-k13-u15,etp15a,sc02-ocs-k09-u41,13
sc02-rdma-7060xe7-64prs-k13-u15,etp15b,sc02-ocs-k09-u41,14
sc02-rdma-7060xe7-64prs-k13-u15,etp16a,sc02-ocs-k09-u41,15
sc02-rdma-7060xe7-64prs-k13-u15,etp16b,sc02-ocs-k09-u41,16
sc02-rdma-7060xe7-64prs-k13-u15,etp17a,sc02-ocs-k06-u35,13
sc02-rdma-7060xe7-64prs-k13-u15,etp17b,sc02-ocs-k06-u35,14
sc02-rdma-7060xe7-64prs-k13-u15,etp18a,sc02-ocs-k06-u35,15
sc02-rdma-7060xe7-64prs-k13-u15,etp18b,sc02-ocs-k06-u35,16
sc02-rdma-7060xe7-64prs-k13-u15,etp19a,sc02-ocs-k06-u37,13
sc02-rdma-7060xe7-64prs-k13-u15,etp19b,sc02-ocs-k06-u37,14
sc02-rdma-7060xe7-64prs-k13-u15,etp1a,sc02-ocs-k08-u35,13
sc02-rdma-7060xe7-64prs-k13-u15,etp1b,sc02-ocs-k08-u35,14
sc02-rdma-7060xe7-64prs-k13-u15,etp20a,sc02-ocs-k06-u37,15
sc02-rdma-7060xe7-64prs-k13-u15,etp20b,sc02-ocs-k06-u37,16
sc02-rdma-7060xe7-64prs-k13-u15,etp21a,sc02-ocs-k06-u39,13
sc02-rdma-7060xe7-64prs-k13-u15,etp21b,sc02-ocs-k06-u39,14
sc02-rdma-7060xe7-64prs-k13-u15,etp22a,sc02-ocs-k06-u39,15
sc02-rdma-7060xe7-64prs-k13-u15,etp22b,sc02-ocs-k06-u39,16
sc02-rdma-7060xe7-64prs-k13-u15,etp23a,sc02-ocs-k06-u41,13
sc02-rdma-7060xe7-64prs-k13-u15,etp23b,sc02-ocs-k06-u41,14
sc02-rdma-7060xe7-64prs-k13-u15,etp24a,sc02-ocs-k06-u41,15
sc02-rdma-7060xe7-64prs-k13-u15,etp24b,sc02-ocs-k06-u41,16
sc02-rdma-7060xe7-64prs-k13-u15,etp25a,sc02-ocs-k07-u35,13
sc02-rdma-7060xe7-64prs-k13-u15,etp25b,sc02-ocs-k07-u35,14
sc02-rdma-7060xe7-64prs-k13-u15,etp26a,sc02-ocs-k07-u35,15
sc02-rdma-7060xe7-64prs-k13-u15,etp26b,sc02-ocs-k07-u35,16
sc02-rdma-7060xe7-64prs-k13-u15,etp27a,sc02-ocs-k07-u37,13
sc02-rdma-7060xe7-64prs-k13-u15,etp27b,sc02-ocs-k07-u37,14
sc02-rdma-7060xe7-64prs-k13-u15,etp28a,sc02-ocs-k07-u37,15
sc02-rdma-7060xe7-64prs-k13-u15,etp28b,sc02-ocs-k07-u37,16
sc02-rdma-7060xe7-64prs-k13-u15,etp29a,sc02-ocs-k07-u39,13
sc02-rdma-7060xe7-64prs-k13-u15,etp29b,sc02-ocs-k07-u39,14
sc02-rdma-7060xe7-64prs-k13-u15,etp2a,sc02-ocs-k08-u35,15
sc02-rdma-7060xe7-64prs-k13-u15,etp2b,sc02-ocs-k08-u35,16
sc02-rdma-7060xe7-64prs-k13-u15,etp30a,sc02-ocs-k07-u39,15
sc02-rdma-7060xe7-64prs-k13-u15,etp30b,sc02-ocs-k07-u39,16
sc02-rdma-7060xe7-64prs-k13-u15,etp31a,sc02-ocs-k07-u41,13
sc02-rdma-7060xe7-64prs-k13-u15,etp31b,sc02-ocs-k07-u41,14
sc02-rdma-7060xe7-64prs-k13-u15,etp32a,sc02-ocs-k07-u41,15
sc02-rdma-7060xe7-64prs-k13-u15,etp32b,sc02-ocs-k07-u41,16
sc02-rdma-7060xe7-64prs-k13-u15,etp33a,sc02-ocs-k04-u35,13
sc02-rdma-7060xe7-64prs-k13-u15,etp33b,sc02-ocs-k04-u35,14
sc02-rdma-7060xe7-64prs-k13-u15,etp34a,sc02-ocs-k04-u35,15
sc02-rdma-7060xe7-64prs-k13-u15,etp34b,sc02-ocs-k04-u35,16
sc02-rdma-7060xe7-64prs-k13-u15,etp35a,sc02-ocs-k04-u37,13
sc02-rdma-7060xe7-64prs-k13-u15,etp35b,sc02-ocs-k04-u37,14
sc02-rdma-7060xe7-64prs-k13-u15,etp36a,sc02-ocs-k04-u37,15
sc02-rdma-7060xe7-64prs-k13-u15,etp36b,sc02-ocs-k04-u37,16
sc02-rdma-7060xe7-64prs-k13-u15,etp37a,sc02-ocs-k04-u39,13
sc02-rdma-7060xe7-64prs-k13-u15,etp37b,sc02-ocs-k04-u39,14
sc02-rdma-7060xe7-64prs-k13-u15,etp38a,sc02-ocs-k04-u39,15
sc02-rdma-7060xe7-64prs-k13-u15,etp38b,sc02-ocs-k04-u39,16
sc02-rdma-7060xe7-64prs-k13-u15,etp39a,sc02-ocs-k04-u41,13
sc02-rdma-7060xe7-64prs-k13-u15,etp39b,sc02-ocs-k04-u41,14
sc02-rdma-7060xe7-64prs-k13-u15,etp3a,sc02-ocs-k08-u37,13
sc02-rdma-7060xe7-64prs-k13-u15,etp3b,sc02-ocs-k08-u37,14
sc02-rdma-7060xe7-64prs-k13-u15,etp40a,sc02-ocs-k04-u41,15
sc02-rdma-7060xe7-64prs-k13-u15,etp40b,sc02-ocs-k04-u41,16
sc02-rdma-7060xe7-64prs-k13-u15,etp41a,sc02-ocs-k05-u35,13
sc02-rdma-7060xe7-64prs-k13-u15,etp41b,sc02-ocs-k05-u35,14
sc02-rdma-7060xe7-64prs-k13-u15,etp42a,sc02-ocs-k05-u35,15
sc02-rdma-7060xe7-64prs-k13-u15,etp42b,sc02-ocs-k05-u35,16
sc02-rdma-7060xe7-64prs-k13-u15,etp43a,sc02-ocs-k05-u37,13
sc02-rdma-7060xe7-64prs-k13-u15,etp43b,sc02-ocs-k05-u37,14
sc02-rdma-7060xe7-64prs-k13-u15,etp44a,sc02-ocs-k05-u37,15
sc02-rdma-7060xe7-64prs-k13-u15,etp44b,sc02-ocs-k05-u37,16
sc02-rdma-7060xe7-64prs-k13-u15,etp45a,sc02-ocs-k05-u39,13
sc02-rdma-7060xe7-64prs-k13-u15,etp45b,sc02-ocs-k05-u39,14
sc02-rdma-7060xe7-64prs-k13-u15,etp46a,sc02-ocs-k05-u39,15
sc02-rdma-7060xe7-64prs-k13-u15,etp46b,sc02-ocs-k05-u39,16
sc02-rdma-7060xe7-64prs-k13-u15,etp47a,sc02-ocs-k05-u41,13
sc02-rdma-7060xe7-64prs-k13-u15,etp47b,sc02-ocs-k05-u41,14
sc02-rdma-7060xe7-64prs-k13-u15,etp48a,sc02-ocs-k05-u41,15
sc02-rdma-7060xe7-64prs-k13-u15,etp48b,sc02-ocs-k05-u41,16
sc02-rdma-7060xe7-64prs-k13-u15,etp49a,sc02-ocs-k02-u35,13
sc02-rdma-7060xe7-64prs-k13-u15,etp49b,sc02-ocs-k02-u35,14
sc02-rdma-7060xe7-64prs-k13-u15,etp4a,sc02-ocs-k08-u37,15
sc02-rdma-7060xe7-64prs-k13-u15,etp4b,sc02-ocs-k08-u37,16
sc02-rdma-7060xe7-64prs-k13-u15,etp50a,sc02-ocs-k02-u35,15
sc02-rdma-7060xe7-64prs-k13-u15,etp50b,sc02-ocs-k02-u35,16
sc02-rdma-7060xe7-64prs-k13-u15,etp51a,sc02-ocs-k02-u37,13
sc02-rdma-7060xe7-64prs-k13-u15,etp51b,sc02-ocs-k02-u37,14
sc02-rdma-7060xe7-64prs-k13-u15,etp52a,sc02-ocs-k02-u37,15
sc02-rdma-7060xe7-64prs-k13-u15,etp52b,sc02-ocs-k02-u37,16
sc02-rdma-7060xe7-64prs-k13-u15,etp53a,sc02-ocs-k02-u39,13
sc02-rdma-7060xe7-64prs-k13-u15,etp53b,sc02-ocs-k02-u39,14
sc02-rdma-7060xe7-64prs-k13-u15,etp54a,sc02-ocs-k02-u39,15
sc02-rdma-7060xe7-64prs-k13-u15,etp54b,sc02-ocs-k02-u39,16
sc02-rdma-7060xe7-64prs-k13-u15,etp55a,sc02-ocs-k02-u41,13
sc02-rdma-7060xe7-64prs-k13-u15,etp55b,sc02-ocs-k02-u41,14
sc02-rdma-7060xe7-64prs-k13-u15,etp56a,sc02-ocs-k02-u41,15
sc02-rdma-7060xe7-64prs-k13-u15,etp56b,sc02-ocs-k02-u41,16
sc02-rdma-7060xe7-64prs-k13-u15,etp57a,sc02-ocs-k03-u35,13
sc02-rdma-7060xe7-64prs-k13-u15,etp57b,sc02-ocs-k03-u35,14
sc02-rdma-7060xe7-64prs-k13-u15,etp58a,sc02-ocs-k03-u35,15
sc02-rdma-7060xe7-64prs-k13-u15,etp58b,sc02-ocs-k03-u35,16
sc02-rdma-7060xe7-64prs-k13-u15,etp59a,sc02-ocs-k03-u37,13
sc02-rdma-7060xe7-64prs-k13-u15,etp59b,sc02-ocs-k03-u37,14
sc02-rdma-7060xe7-64prs-k13-u15,etp5a,sc02-ocs-k08-u39,13
sc02-rdma-7060xe7-64prs-k13-u15,etp5b,sc02-ocs-k08-u39,14
sc02-rdma-7060xe7-64prs-k13-u15,etp60a,sc02-ocs-k03-u37,15
sc02-rdma-7060xe7-64prs-k13-u15,etp60b,sc02-ocs-k03-u37,16
sc02-rdma-7060xe7-64prs-k13-u15,etp61a,sc02-ocs-k03-u39,13
sc02-rdma-7060xe7-64prs-k13-u15,etp61b,sc02-ocs-k03-u39,14
sc02-rdma-7060xe7-64prs-k13-u15,etp62a,sc02-ocs-k03-u39,15
sc02-rdma-7060xe7-64prs-k13-u15,etp62b,sc02-ocs-k03-u39,16
sc02-rdma-7060xe7-64prs-k13-u15,etp63a,sc02-ocs-k03-u41,13
sc02-rdma-7060xe7-64prs-k13-u15,etp63b,sc02-ocs-k03-u41,14
sc02-rdma-7060xe7-64prs-k13-u15,etp64a,sc02-ocs-k03-u41,15
sc02-rdma-7060xe7-64prs-k13-u15,etp64b,sc02-ocs-k03-u41,16
sc02-rdma-7060xe7-64prs-k13-u15,etp6a,sc02-ocs-k08-u39,15
sc02-rdma-7060xe7-64prs-k13-u15,etp6b,sc02-ocs-k08-u39,16
sc02-rdma-7060xe7-64prs-k13-u15,etp7a,sc02-ocs-k08-u41,13
sc02-rdma-7060xe7-64prs-k13-u15,etp7b,sc02-ocs-k08-u41,14
sc02-rdma-7060xe7-64prs-k13-u15,etp8a,sc02-ocs-k08-u41,15
sc02-rdma-7060xe7-64prs-k13-u15,etp8b,sc02-ocs-k08-u41,16
sc02-rdma-7060xe7-64prs-k13-u15,etp9a,sc02-ocs-k09-u35,13
sc02-rdma-7060xe7-64prs-k13-u15,etp9b,sc02-ocs-k09-u35,14
sc02-rdma-sn6600-lds-k13-u17,etp10a,sc02-ocs-k09-u35,11
sc02-rdma-sn6600-lds-k13-u17,etp10b,sc02-ocs-k09-u35,12
sc02-rdma-sn6600-lds-k13-u17,etp11a,sc02-ocs-k09-u37,9
sc02-rdma-sn6600-lds-k13-u17,etp11b,sc02-ocs-k09-u37,10
sc02-rdma-sn6600-lds-k13-u17,etp12a,sc02-ocs-k09-u37,11
sc02-rdma-sn6600-lds-k13-u17,etp12b,sc02-ocs-k09-u37,12
sc02-rdma-sn6600-lds-k13-u17,etp13a,sc02-ocs-k09-u39,9
sc02-rdma-sn6600-lds-k13-u17,etp13b,sc02-ocs-k09-u39,10
sc02-rdma-sn6600-lds-k13-u17,etp14a,sc02-ocs-k09-u39,11
sc02-rdma-sn6600-lds-k13-u17,etp14b,sc02-ocs-k09-u39,12
sc02-rdma-sn6600-lds-k13-u17,etp15a,sc02-ocs-k09-u41,9
sc02-rdma-sn6600-lds-k13-u17,etp15b,sc02-ocs-k09-u41,10
sc02-rdma-sn6600-lds-k13-u17,etp16a,sc02-ocs-k09-u41,11
sc02-rdma-sn6600-lds-k13-u17,etp16b,sc02-ocs-k09-u41,12
sc02-rdma-sn6600-lds-k13-u17,etp17a,sc02-ocs-k06-u35,9
sc02-rdma-sn6600-lds-k13-u17,etp17b,sc02-ocs-k06-u35,10
sc02-rdma-sn6600-lds-k13-u17,etp18a,sc02-ocs-k06-u35,11
sc02-rdma-sn6600-lds-k13-u17,etp18b,sc02-ocs-k06-u35,12
sc02-rdma-sn6600-lds-k13-u17,etp19a,sc02-ocs-k06-u37,9
sc02-rdma-sn6600-lds-k13-u17,etp19b,sc02-ocs-k06-u37,10
sc02-rdma-sn6600-lds-k13-u17,etp1a,sc02-ocs-k08-u35,9
sc02-rdma-sn6600-lds-k13-u17,etp1b,sc02-ocs-k08-u35,10
sc02-rdma-sn6600-lds-k13-u17,etp20a,sc02-ocs-k06-u37,11
sc02-rdma-sn6600-lds-k13-u17,etp20b,sc02-ocs-k06-u37,12
sc02-rdma-sn6600-lds-k13-u17,etp21a,sc02-ocs-k06-u39,9
sc02-rdma-sn6600-lds-k13-u17,etp21b,sc02-ocs-k06-u39,10
sc02-rdma-sn6600-lds-k13-u17,etp22a,sc02-ocs-k06-u39,11
sc02-rdma-sn6600-lds-k13-u17,etp22b,sc02-ocs-k06-u39,12
sc02-rdma-sn6600-lds-k13-u17,etp23a,sc02-ocs-k06-u41,9
sc02-rdma-sn6600-lds-k13-u17,etp23b,sc02-ocs-k06-u41,10
sc02-rdma-sn6600-lds-k13-u17,etp24a,sc02-ocs-k06-u41,11
sc02-rdma-sn6600-lds-k13-u17,etp24b,sc02-ocs-k06-u41,12
sc02-rdma-sn6600-lds-k13-u17,etp25a,sc02-ocs-k07-u35,9
sc02-rdma-sn6600-lds-k13-u17,etp25b,sc02-ocs-k07-u35,10
sc02-rdma-sn6600-lds-k13-u17,etp26a,sc02-ocs-k07-u35,11
sc02-rdma-sn6600-lds-k13-u17,etp26b,sc02-ocs-k07-u35,12
sc02-rdma-sn6600-lds-k13-u17,etp27a,sc02-ocs-k07-u37,9
sc02-rdma-sn6600-lds-k13-u17,etp27b,sc02-ocs-k07-u37,10
sc02-rdma-sn6600-lds-k13-u17,etp28a,sc02-ocs-k07-u37,11
sc02-rdma-sn6600-lds-k13-u17,etp28b,sc02-ocs-k07-u37,12
sc02-rdma-sn6600-lds-k13-u17,etp29a,sc02-ocs-k07-u39,9
sc02-rdma-sn6600-lds-k13-u17,etp29b,sc02-ocs-k07-u39,10
sc02-rdma-sn6600-lds-k13-u17,etp2a,sc02-ocs-k08-u35,11
sc02-rdma-sn6600-lds-k13-u17,etp2b,sc02-ocs-k08-u35,12
sc02-rdma-sn6600-lds-k13-u17,etp30a,sc02-ocs-k07-u39,11
sc02-rdma-sn6600-lds-k13-u17,etp30b,sc02-ocs-k07-u39,12
sc02-rdma-sn6600-lds-k13-u17,etp31a,sc02-ocs-k07-u41,9
sc02-rdma-sn6600-lds-k13-u17,etp31b,sc02-ocs-k07-u41,10
sc02-rdma-sn6600-lds-k13-u17,etp32a,sc02-ocs-k07-u41,11
sc02-rdma-sn6600-lds-k13-u17,etp32b,sc02-ocs-k07-u41,12
sc02-rdma-sn6600-lds-k13-u17,etp33a,sc02-ocs-k04-u35,9
sc02-rdma-sn6600-lds-k13-u17,etp33b,sc02-ocs-k04-u35,10
sc02-rdma-sn6600-lds-k13-u17,etp34a,sc02-ocs-k04-u35,11
sc02-rdma-sn6600-lds-k13-u17,etp34b,sc02-ocs-k04-u35,12
sc02-rdma-sn6600-lds-k13-u17,etp35a,sc02-ocs-k04-u37,9
sc02-rdma-sn6600-lds-k13-u17,etp35b,sc02-ocs-k04-u37,10
sc02-rdma-sn6600-lds-k13-u17,etp36a,sc02-ocs-k04-u37,11
sc02-rdma-sn6600-lds-k13-u17,etp36b,sc02-ocs-k04-u37,12
sc02-rdma-sn6600-lds-k13-u17,etp37a,sc02-ocs-k04-u39,9
sc02-rdma-sn6600-lds-k13-u17,etp37b,sc02-ocs-k04-u39,10
sc02-rdma-sn6600-lds-k13-u17,etp38a,sc02-ocs-k04-u39,11
sc02-rdma-sn6600-lds-k13-u17,etp38b,sc02-ocs-k04-u39,12
sc02-rdma-sn6600-lds-k13-u17,etp39a,sc02-ocs-k04-u41,9
sc02-rdma-sn6600-lds-k13-u17,etp39b,sc02-ocs-k04-u41,10
sc02-rdma-sn6600-lds-k13-u17,etp3a,sc02-ocs-k08-u37,9
sc02-rdma-sn6600-lds-k13-u17,etp3b,sc02-ocs-k08-u37,10
sc02-rdma-sn6600-lds-k13-u17,etp40a,sc02-ocs-k04-u41,11
sc02-rdma-sn6600-lds-k13-u17,etp40b,sc02-ocs-k04-u41,12
sc02-rdma-sn6600-lds-k13-u17,etp41a,sc02-ocs-k05-u35,9
sc02-rdma-sn6600-lds-k13-u17,etp41b,sc02-ocs-k05-u35,10
sc02-rdma-sn6600-lds-k13-u17,etp42a,sc02-ocs-k05-u35,11
sc02-rdma-sn6600-lds-k13-u17,etp42b,sc02-ocs-k05-u35,12
sc02-rdma-sn6600-lds-k13-u17,etp43a,sc02-ocs-k05-u37,9
sc02-rdma-sn6600-lds-k13-u17,etp43b,sc02-ocs-k05-u37,10
sc02-rdma-sn6600-lds-k13-u17,etp44a,sc02-ocs-k05-u37,11
sc02-rdma-sn6600-lds-k13-u17,etp44b,sc02-ocs-k05-u37,12
sc02-rdma-sn6600-lds-k13-u17,etp45a,sc02-ocs-k05-u39,9
sc02-rdma-sn6600-lds-k13-u17,etp45b,sc02-ocs-k05-u39,10
sc02-rdma-sn6600-lds-k13-u17,etp46a,sc02-ocs-k05-u39,11
sc02-rdma-sn6600-lds-k13-u17,etp46b,sc02-ocs-k05-u39,12
sc02-rdma-sn6600-lds-k13-u17,etp47a,sc02-ocs-k05-u41,9
sc02-rdma-sn6600-lds-k13-u17,etp47b,sc02-ocs-k05-u41,10
sc02-rdma-sn6600-lds-k13-u17,etp48a,sc02-ocs-k05-u41,11
sc02-rdma-sn6600-lds-k13-u17,etp48b,sc02-ocs-k05-u41,12
sc02-rdma-sn6600-lds-k13-u17,etp49a,sc02-ocs-k02-u35,9
sc02-rdma-sn6600-lds-k13-u17,etp49b,sc02-ocs-k02-u35,10
sc02-rdma-sn6600-lds-k13-u17,etp4a,sc02-ocs-k08-u37,11
sc02-rdma-sn6600-lds-k13-u17,etp4b,sc02-ocs-k08-u37,12
sc02-rdma-sn6600-lds-k13-u17,etp50a,sc02-ocs-k02-u35,11
sc02-rdma-sn6600-lds-k13-u17,etp50b,sc02-ocs-k02-u35,12
sc02-rdma-sn6600-lds-k13-u17,etp51a,sc02-ocs-k02-u37,9
sc02-rdma-sn6600-lds-k13-u17,etp51b,sc02-ocs-k02-u37,10
sc02-rdma-sn6600-lds-k13-u17,etp52a,sc02-ocs-k02-u37,11
sc02-rdma-sn6600-lds-k13-u17,etp52b,sc02-ocs-k02-u37,12
sc02-rdma-sn6600-lds-k13-u17,etp53a,sc02-ocs-k02-u39,9
sc02-rdma-sn6600-lds-k13-u17,etp53b,sc02-ocs-k02-u39,10
sc02-rdma-sn6600-lds-k13-u17,etp54a,sc02-ocs-k02-u39,11
sc02-rdma-sn6600-lds-k13-u17,etp54b,sc02-ocs-k02-u39,12
sc02-rdma-sn6600-lds-k13-u17,etp55a,sc02-ocs-k02-u41,9
sc02-rdma-sn6600-lds-k13-u17,etp55b,sc02-ocs-k02-u41,10
sc02-rdma-sn6600-lds-k13-u17,etp56a,sc02-ocs-k02-u41,11
sc02-rdma-sn6600-lds-k13-u17,etp56b,sc02-ocs-k02-u41,12
sc02-rdma-sn6600-lds-k13-u17,etp57a,sc02-ocs-k03-u35,9
sc02-rdma-sn6600-lds-k13-u17,etp57b,sc02-ocs-k03-u35,10
sc02-rdma-sn6600-lds-k13-u17,etp58a,sc02-ocs-k03-u35,11
sc02-rdma-sn6600-lds-k13-u17,etp58b,sc02-ocs-k03-u35,12
sc02-rdma-sn6600-lds-k13-u17,etp59a,sc02-ocs-k03-u37,9
sc02-rdma-sn6600-lds-k13-u17,etp59b,sc02-ocs-k03-u37,10
sc02-rdma-sn6600-lds-k13-u17,etp5a,sc02-ocs-k08-u39,9
sc02-rdma-sn6600-lds-k13-u17,etp5b,sc02-ocs-k08-u39,10
sc02-rdma-sn6600-lds-k13-u17,etp60a,sc02-ocs-k03-u37,11
sc02-rdma-sn6600-lds-k13-u17,etp60b,sc02-ocs-k03-u37,12
sc02-rdma-sn6600-lds-k13-u17,etp61a,sc02-ocs-k03-u39,9
sc02-rdma-sn6600-lds-k13-u17,etp61b,sc02-ocs-k03-u39,10
sc02-rdma-sn6600-lds-k13-u17,etp62a,sc02-ocs-k03-u39,11
sc02-rdma-sn6600-lds-k13-u17,etp62b,sc02-ocs-k03-u39,12
sc02-rdma-sn6600-lds-k13-u17,etp63a,sc02-ocs-k03-u41,9
sc02-rdma-sn6600-lds-k13-u17,etp63b,sc02-ocs-k03-u41,10
sc02-rdma-sn6600-lds-k13-u17,etp64a,sc02-ocs-k03-u41,11
sc02-rdma-sn6600-lds-k13-u17,etp64b,sc02-ocs-k03-u41,12
sc02-rdma-sn6600-lds-k13-u17,etp6a,sc02-ocs-k08-u39,11
sc02-rdma-sn6600-lds-k13-u17,etp6b,sc02-ocs-k08-u39,12
sc02-rdma-sn6600-lds-k13-u17,etp7a,sc02-ocs-k08-u41,9
sc02-rdma-sn6600-lds-k13-u17,etp7b,sc02-ocs-k08-u41,10
sc02-rdma-sn6600-lds-k13-u17,etp8a,sc02-ocs-k08-u41,11
sc02-rdma-sn6600-lds-k13-u17,etp8b,sc02-ocs-k08-u41,12
sc02-rdma-sn6600-lds-k13-u17,etp9a,sc02-ocs-k09-u35,9
sc02-rdma-sn6600-lds-k13-u17,etp9b,sc02-ocs-k09-u35,10
sc02-stress-7060xe7-64prs-t0-k10-u15,etp1a,sc02-ocs-k02-u35,5
sc02-stress-7060xe7-64prs-t0-k10-u15,etp1b,sc02-ocs-k02-u35,6
sc02-stress-7060xe7-64prs-t0-k10-u15,etp29a,sc02-ocs-k02-u39,5
sc02-stress-7060xe7-64prs-t0-k10-u15,etp29b,sc02-ocs-k02-u39,6
sc02-stress-7060xe7-64prs-t0-k10-u15,etp2a,sc02-ocs-k02-u35,7
sc02-stress-7060xe7-64prs-t0-k10-u15,etp2b,sc02-ocs-k02-u35,8
sc02-stress-7060xe7-64prs-t0-k10-u15,etp30a,sc02-ocs-k02-u39,7
sc02-stress-7060xe7-64prs-t0-k10-u15,etp30b,sc02-ocs-k02-u39,8
sc02-stress-7060xe7-64prs-t0-k10-u15,etp31a,sc02-ocs-k02-u41,5
sc02-stress-7060xe7-64prs-t0-k10-u15,etp31b,sc02-ocs-k02-u41,6
sc02-stress-7060xe7-64prs-t0-k10-u15,etp32a,sc02-ocs-k02-u41,7
sc02-stress-7060xe7-64prs-t0-k10-u15,etp32b,sc02-ocs-k02-u41,8
sc02-stress-7060xe7-64prs-t0-k10-u15,etp33a,sc02-ocs-k03-u35,5
sc02-stress-7060xe7-64prs-t0-k10-u15,etp33b,sc02-ocs-k03-u35,6
sc02-stress-7060xe7-64prs-t0-k10-u15,etp34a,sc02-ocs-k03-u35,7
sc02-stress-7060xe7-64prs-t0-k10-u15,etp34b,sc02-ocs-k03-u35,8
sc02-stress-7060xe7-64prs-t0-k10-u15,etp35a,sc02-ocs-k03-u37,5
sc02-stress-7060xe7-64prs-t0-k10-u15,etp35b,sc02-ocs-k03-u37,6
sc02-stress-7060xe7-64prs-t0-k10-u15,etp36a,sc02-ocs-k03-u37,7
sc02-stress-7060xe7-64prs-t0-k10-u15,etp36b,sc02-ocs-k03-u37,8
sc02-stress-7060xe7-64prs-t0-k10-u15,etp3a,sc02-ocs-k02-u37,5
sc02-stress-7060xe7-64prs-t0-k10-u15,etp3b,sc02-ocs-k02-u37,6
sc02-stress-7060xe7-64prs-t0-k10-u15,etp4a,sc02-ocs-k02-u37,7
sc02-stress-7060xe7-64prs-t0-k10-u15,etp4b,sc02-ocs-k02-u37,8
sc02-stress-7060xe7-64prs-t0-k10-u15,etp61a,sc02-ocs-k03-u39,5
sc02-stress-7060xe7-64prs-t0-k10-u15,etp61b,sc02-ocs-k03-u39,6
sc02-stress-7060xe7-64prs-t0-k10-u15,etp62a,sc02-ocs-k03-u39,7
sc02-stress-7060xe7-64prs-t0-k10-u15,etp62b,sc02-ocs-k03-u39,8
sc02-stress-7060xe7-64prs-t0-k10-u15,etp63a,sc02-ocs-k03-u41,5
sc02-stress-7060xe7-64prs-t0-k10-u15,etp63b,sc02-ocs-k03-u41,6
sc02-stress-7060xe7-64prs-t0-k10-u15,etp64a,sc02-ocs-k03-u41,7
sc02-stress-7060xe7-64prs-t0-k10-u15,etp64b,sc02-ocs-k03-u41,8
sc02-stress-7060xe7-64prs-t0-k10-u17,etp1a,sc02-ocs-k04-u35,5
sc02-stress-7060xe7-64prs-t0-k10-u17,etp1b,sc02-ocs-k04-u35,6
sc02-stress-7060xe7-64prs-t0-k10-u17,etp29a,sc02-ocs-k04-u39,5
sc02-stress-7060xe7-64prs-t0-k10-u17,etp29b,sc02-ocs-k04-u39,6
sc02-stress-7060xe7-64prs-t0-k10-u17,etp2a,sc02-ocs-k04-u35,7
sc02-stress-7060xe7-64prs-t0-k10-u17,etp2b,sc02-ocs-k04-u35,8
sc02-stress-7060xe7-64prs-t0-k10-u17,etp30a,sc02-ocs-k04-u39,7
sc02-stress-7060xe7-64prs-t0-k10-u17,etp30b,sc02-ocs-k04-u39,8
sc02-stress-7060xe7-64prs-t0-k10-u17,etp31a,sc02-ocs-k04-u41,5
sc02-stress-7060xe7-64prs-t0-k10-u17,etp31b,sc02-ocs-k04-u41,6
sc02-stress-7060xe7-64prs-t0-k10-u17,etp32a,sc02-ocs-k04-u41,7
sc02-stress-7060xe7-64prs-t0-k10-u17,etp32b,sc02-ocs-k04-u41,8
sc02-stress-7060xe7-64prs-t0-k10-u17,etp33a,sc02-ocs-k05-u35,5
sc02-stress-7060xe7-64prs-t0-k10-u17,etp33b,sc02-ocs-k05-u35,6
sc02-stress-7060xe7-64prs-t0-k10-u17,etp34a,sc02-ocs-k05-u35,7
sc02-stress-7060xe7-64prs-t0-k10-u17,etp34b,sc02-ocs-k05-u35,8
sc02-stress-7060xe7-64prs-t0-k10-u17,etp35a,sc02-ocs-k05-u37,5
sc02-stress-7060xe7-64prs-t0-k10-u17,etp35b,sc02-ocs-k05-u37,6
sc02-stress-7060xe7-64prs-t0-k10-u17,etp36a,sc02-ocs-k05-u37,7
sc02-stress-7060xe7-64prs-t0-k10-u17,etp36b,sc02-ocs-k05-u37,8
sc02-stress-7060xe7-64prs-t0-k10-u17,etp3a,sc02-ocs-k04-u37,5
sc02-stress-7060xe7-64prs-t0-k10-u17,etp3b,sc02-ocs-k04-u37,6
sc02-stress-7060xe7-64prs-t0-k10-u17,etp4a,sc02-ocs-k04-u37,7
sc02-stress-7060xe7-64prs-t0-k10-u17,etp4b,sc02-ocs-k04-u37,8
sc02-stress-7060xe7-64prs-t0-k10-u17,etp61a,sc02-ocs-k05-u39,5
sc02-stress-7060xe7-64prs-t0-k10-u17,etp61b,sc02-ocs-k05-u39,6
sc02-stress-7060xe7-64prs-t0-k10-u17,etp62a,sc02-ocs-k05-u39,7
sc02-stress-7060xe7-64prs-t0-k10-u17,etp62b,sc02-ocs-k05-u39,8
sc02-stress-7060xe7-64prs-t0-k10-u17,etp63a,sc02-ocs-k05-u41,5
sc02-stress-7060xe7-64prs-t0-k10-u17,etp63b,sc02-ocs-k05-u41,6
sc02-stress-7060xe7-64prs-t0-k10-u17,etp64a,sc02-ocs-k05-u41,7
sc02-stress-7060xe7-64prs-t0-k10-u17,etp64b,sc02-ocs-k05-u41,8
sc02-stress-7060xe7-64prs-t0-k10-u23,etp1a,sc02-ocs-k06-u35,5
sc02-stress-7060xe7-64prs-t0-k10-u23,etp1b,sc02-ocs-k06-u35,6
sc02-stress-7060xe7-64prs-t0-k10-u23,etp29a,sc02-ocs-k06-u39,5
sc02-stress-7060xe7-64prs-t0-k10-u23,etp29b,sc02-ocs-k06-u39,6
sc02-stress-7060xe7-64prs-t0-k10-u23,etp2a,sc02-ocs-k06-u35,7
sc02-stress-7060xe7-64prs-t0-k10-u23,etp2b,sc02-ocs-k06-u35,8
sc02-stress-7060xe7-64prs-t0-k10-u23,etp30a,sc02-ocs-k06-u39,7
sc02-stress-7060xe7-64prs-t0-k10-u23,etp30b,sc02-ocs-k06-u39,8
sc02-stress-7060xe7-64prs-t0-k10-u23,etp31a,sc02-ocs-k06-u41,5
sc02-stress-7060xe7-64prs-t0-k10-u23,etp31b,sc02-ocs-k06-u41,6
sc02-stress-7060xe7-64prs-t0-k10-u23,etp32a,sc02-ocs-k06-u41,7
sc02-stress-7060xe7-64prs-t0-k10-u23,etp32b,sc02-ocs-k06-u41,8
sc02-stress-7060xe7-64prs-t0-k10-u23,etp33a,sc02-ocs-k07-u35,5
sc02-stress-7060xe7-64prs-t0-k10-u23,etp33b,sc02-ocs-k07-u35,6
sc02-stress-7060xe7-64prs-t0-k10-u23,etp34a,sc02-ocs-k07-u35,7
sc02-stress-7060xe7-64prs-t0-k10-u23,etp34b,sc02-ocs-k07-u35,8
sc02-stress-7060xe7-64prs-t0-k10-u23,etp35a,sc02-ocs-k07-u37,5
sc02-stress-7060xe7-64prs-t0-k10-u23,etp35b,sc02-ocs-k07-u37,6
sc02-stress-7060xe7-64prs-t0-k10-u23,etp36a,sc02-ocs-k07-u37,7
sc02-stress-7060xe7-64prs-t0-k10-u23,etp36b,sc02-ocs-k07-u37,8
sc02-stress-7060xe7-64prs-t0-k10-u23,etp3a,sc02-ocs-k06-u37,5
sc02-stress-7060xe7-64prs-t0-k10-u23,etp3b,sc02-ocs-k06-u37,6
sc02-stress-7060xe7-64prs-t0-k10-u23,etp4a,sc02-ocs-k06-u37,7
sc02-stress-7060xe7-64prs-t0-k10-u23,etp4b,sc02-ocs-k06-u37,8
sc02-stress-7060xe7-64prs-t0-k10-u23,etp61a,sc02-ocs-k07-u39,5
sc02-stress-7060xe7-64prs-t0-k10-u23,etp61b,sc02-ocs-k07-u39,6
sc02-stress-7060xe7-64prs-t0-k10-u23,etp62a,sc02-ocs-k07-u39,7
sc02-stress-7060xe7-64prs-t0-k10-u23,etp62b,sc02-ocs-k07-u39,8
sc02-stress-7060xe7-64prs-t0-k10-u23,etp63a,sc02-ocs-k07-u41,5
sc02-stress-7060xe7-64prs-t0-k10-u23,etp63b,sc02-ocs-k07-u41,6
sc02-stress-7060xe7-64prs-t0-k10-u23,etp64a,sc02-ocs-k07-u41,7
sc02-stress-7060xe7-64prs-t0-k10-u23,etp64b,sc02-ocs-k07-u41,8
sc02-stress-7060xe7-64prs-t0-k10-u25,etp1a,sc02-ocs-k08-u35,5
sc02-stress-7060xe7-64prs-t0-k10-u25,etp1b,sc02-ocs-k08-u35,6
sc02-stress-7060xe7-64prs-t0-k10-u25,etp29a,sc02-ocs-k08-u39,5
sc02-stress-7060xe7-64prs-t0-k10-u25,etp29b,sc02-ocs-k08-u39,6
sc02-stress-7060xe7-64prs-t0-k10-u25,etp2a,sc02-ocs-k08-u35,7
sc02-stress-7060xe7-64prs-t0-k10-u25,etp2b,sc02-ocs-k08-u35,8
sc02-stress-7060xe7-64prs-t0-k10-u25,etp30a,sc02-ocs-k08-u39,7
sc02-stress-7060xe7-64prs-t0-k10-u25,etp30b,sc02-ocs-k08-u39,8
sc02-stress-7060xe7-64prs-t0-k10-u25,etp31a,sc02-ocs-k08-u41,5
sc02-stress-7060xe7-64prs-t0-k10-u25,etp31b,sc02-ocs-k08-u41,6
sc02-stress-7060xe7-64prs-t0-k10-u25,etp32a,sc02-ocs-k08-u41,7
sc02-stress-7060xe7-64prs-t0-k10-u25,etp32b,sc02-ocs-k08-u41,8
sc02-stress-7060xe7-64prs-t0-k10-u25,etp33a,sc02-ocs-k09-u35,5
sc02-stress-7060xe7-64prs-t0-k10-u25,etp33b,sc02-ocs-k09-u35,6
sc02-stress-7060xe7-64prs-t0-k10-u25,etp34a,sc02-ocs-k09-u35,7
sc02-stress-7060xe7-64prs-t0-k10-u25,etp34b,sc02-ocs-k09-u35,8
sc02-stress-7060xe7-64prs-t0-k10-u25,etp35a,sc02-ocs-k09-u37,5
sc02-stress-7060xe7-64prs-t0-k10-u25,etp35b,sc02-ocs-k09-u37,6
sc02-stress-7060xe7-64prs-t0-k10-u25,etp36a,sc02-ocs-k09-u37,7
sc02-stress-7060xe7-64prs-t0-k10-u25,etp36b,sc02-ocs-k09-u37,8
sc02-stress-7060xe7-64prs-t0-k10-u25,etp3a,sc02-ocs-k08-u37,5
sc02-stress-7060xe7-64prs-t0-k10-u25,etp3b,sc02-ocs-k08-u37,6
sc02-stress-7060xe7-64prs-t0-k10-u25,etp4a,sc02-ocs-k08-u37,7
sc02-stress-7060xe7-64prs-t0-k10-u25,etp4b,sc02-ocs-k08-u37,8
sc02-stress-7060xe7-64prs-t0-k10-u25,etp61a,sc02-ocs-k09-u39,5
sc02-stress-7060xe7-64prs-t0-k10-u25,etp61b,sc02-ocs-k09-u39,6
sc02-stress-7060xe7-64prs-t0-k10-u25,etp62a,sc02-ocs-k09-u39,7
sc02-stress-7060xe7-64prs-t0-k10-u25,etp62b,sc02-ocs-k09-u39,8
sc02-stress-7060xe7-64prs-t0-k10-u25,etp63a,sc02-ocs-k09-u41,5
sc02-stress-7060xe7-64prs-t0-k10-u25,etp63b,sc02-ocs-k09-u41,6
sc02-stress-7060xe7-64prs-t0-k10-u25,etp64a,sc02-ocs-k09-u41,7
sc02-stress-7060xe7-64prs-t0-k10-u25,etp64b,sc02-ocs-k09-u41,8
sc02-stress-sn6600-ld-t0-k10-u27,etp1a,sc02-ocs-k02-u35,1
sc02-stress-sn6600-ld-t0-k10-u27,etp1b,sc02-ocs-k02-u35,2
sc02-stress-sn6600-ld-t0-k10-u27,etp29a,sc02-ocs-k02-u39,1
sc02-stress-sn6600-ld-t0-k10-u27,etp29b,sc02-ocs-k02-u39,2
sc02-stress-sn6600-ld-t0-k10-u27,etp2a,sc02-ocs-k02-u35,3
sc02-stress-sn6600-ld-t0-k10-u27,etp2b,sc02-ocs-k02-u35,4
sc02-stress-sn6600-ld-t0-k10-u27,etp30a,sc02-ocs-k02-u39,3
sc02-stress-sn6600-ld-t0-k10-u27,etp30b,sc02-ocs-k02-u39,4
sc02-stress-sn6600-ld-t0-k10-u27,etp31a,sc02-ocs-k02-u41,1
sc02-stress-sn6600-ld-t0-k10-u27,etp31b,sc02-ocs-k02-u41,2
sc02-stress-sn6600-ld-t0-k10-u27,etp32a,sc02-ocs-k02-u41,3
sc02-stress-sn6600-ld-t0-k10-u27,etp32b,sc02-ocs-k02-u41,4
sc02-stress-sn6600-ld-t0-k10-u27,etp33a,sc02-ocs-k03-u35,1
sc02-stress-sn6600-ld-t0-k10-u27,etp33b,sc02-ocs-k03-u35,2
sc02-stress-sn6600-ld-t0-k10-u27,etp34a,sc02-ocs-k03-u35,3
sc02-stress-sn6600-ld-t0-k10-u27,etp34b,sc02-ocs-k03-u35,4
sc02-stress-sn6600-ld-t0-k10-u27,etp35a,sc02-ocs-k03-u37,1
sc02-stress-sn6600-ld-t0-k10-u27,etp35b,sc02-ocs-k03-u37,2
sc02-stress-sn6600-ld-t0-k10-u27,etp36a,sc02-ocs-k03-u37,3
sc02-stress-sn6600-ld-t0-k10-u27,etp36b,sc02-ocs-k03-u37,4
sc02-stress-sn6600-ld-t0-k10-u27,etp3a,sc02-ocs-k02-u37,1
sc02-stress-sn6600-ld-t0-k10-u27,etp3b,sc02-ocs-k02-u37,2
sc02-stress-sn6600-ld-t0-k10-u27,etp4a,sc02-ocs-k02-u37,3
sc02-stress-sn6600-ld-t0-k10-u27,etp4b,sc02-ocs-k02-u37,4
sc02-stress-sn6600-ld-t0-k10-u27,etp61a,sc02-ocs-k03-u39,1
sc02-stress-sn6600-ld-t0-k10-u27,etp61b,sc02-ocs-k03-u39,2
sc02-stress-sn6600-ld-t0-k10-u27,etp62a,sc02-ocs-k03-u39,3
sc02-stress-sn6600-ld-t0-k10-u27,etp62b,sc02-ocs-k03-u39,4
sc02-stress-sn6600-ld-t0-k10-u27,etp63a,sc02-ocs-k03-u41,1
sc02-stress-sn6600-ld-t0-k10-u27,etp63b,sc02-ocs-k03-u41,2
sc02-stress-sn6600-ld-t0-k10-u27,etp64a,sc02-ocs-k03-u41,3
sc02-stress-sn6600-ld-t0-k10-u27,etp64b,sc02-ocs-k03-u41,4
sc02-stress-sn6600-ld-t0-k10-u29,etp1a,sc02-ocs-k04-u35,1
sc02-stress-sn6600-ld-t0-k10-u29,etp1b,sc02-ocs-k04-u35,2
sc02-stress-sn6600-ld-t0-k10-u29,etp29a,sc02-ocs-k04-u39,1
sc02-stress-sn6600-ld-t0-k10-u29,etp29b,sc02-ocs-k04-u39,2
sc02-stress-sn6600-ld-t0-k10-u29,etp2a,sc02-ocs-k04-u35,3
sc02-stress-sn6600-ld-t0-k10-u29,etp2b,sc02-ocs-k04-u35,4
sc02-stress-sn6600-ld-t0-k10-u29,etp30a,sc02-ocs-k04-u39,3
sc02-stress-sn6600-ld-t0-k10-u29,etp30b,sc02-ocs-k04-u39,4
sc02-stress-sn6600-ld-t0-k10-u29,etp31a,sc02-ocs-k04-u41,1
sc02-stress-sn6600-ld-t0-k10-u29,etp31b,sc02-ocs-k04-u41,2
sc02-stress-sn6600-ld-t0-k10-u29,etp32a,sc02-ocs-k04-u41,3
sc02-stress-sn6600-ld-t0-k10-u29,etp32b,sc02-ocs-k04-u41,4
sc02-stress-sn6600-ld-t0-k10-u29,etp33a,sc02-ocs-k05-u35,1
sc02-stress-sn6600-ld-t0-k10-u29,etp33b,sc02-ocs-k05-u35,2
sc02-stress-sn6600-ld-t0-k10-u29,etp34a,sc02-ocs-k05-u35,3
sc02-stress-sn6600-ld-t0-k10-u29,etp34b,sc02-ocs-k05-u35,4
sc02-stress-sn6600-ld-t0-k10-u29,etp35a,sc02-ocs-k05-u37,1
sc02-stress-sn6600-ld-t0-k10-u29,etp35b,sc02-ocs-k05-u37,2
sc02-stress-sn6600-ld-t0-k10-u29,etp36a,sc02-ocs-k05-u37,3
sc02-stress-sn6600-ld-t0-k10-u29,etp36b,sc02-ocs-k05-u37,4
sc02-stress-sn6600-ld-t0-k10-u29,etp3a,sc02-ocs-k04-u37,1
sc02-stress-sn6600-ld-t0-k10-u29,etp3b,sc02-ocs-k04-u37,2
sc02-stress-sn6600-ld-t0-k10-u29,etp4a,sc02-ocs-k04-u37,3
sc02-stress-sn6600-ld-t0-k10-u29,etp4b,sc02-ocs-k04-u37,4
sc02-stress-sn6600-ld-t0-k10-u29,etp61a,sc02-ocs-k05-u39,1
sc02-stress-sn6600-ld-t0-k10-u29,etp61b,sc02-ocs-k05-u39,2
sc02-stress-sn6600-ld-t0-k10-u29,etp62a,sc02-ocs-k05-u39,3
sc02-stress-sn6600-ld-t0-k10-u29,etp62b,sc02-ocs-k05-u39,4
sc02-stress-sn6600-ld-t0-k10-u29,etp63a,sc02-ocs-k05-u41,1
sc02-stress-sn6600-ld-t0-k10-u29,etp63b,sc02-ocs-k05-u41,2
sc02-stress-sn6600-ld-t0-k10-u29,etp64a,sc02-ocs-k05-u41,3
sc02-stress-sn6600-ld-t0-k10-u29,etp64b,sc02-ocs-k05-u41,4
sc02-stress-sn6600-ld-t0-k10-u35,etp1a,sc02-ocs-k06-u35,1
sc02-stress-sn6600-ld-t0-k10-u35,etp1b,sc02-ocs-k06-u35,2
sc02-stress-sn6600-ld-t0-k10-u35,etp29a,sc02-ocs-k06-u39,1
sc02-stress-sn6600-ld-t0-k10-u35,etp29b,sc02-ocs-k06-u39,2
sc02-stress-sn6600-ld-t0-k10-u35,etp2a,sc02-ocs-k06-u35,3
sc02-stress-sn6600-ld-t0-k10-u35,etp2b,sc02-ocs-k06-u35,4
sc02-stress-sn6600-ld-t0-k10-u35,etp30a,sc02-ocs-k06-u39,3
sc02-stress-sn6600-ld-t0-k10-u35,etp30b,sc02-ocs-k06-u39,4
sc02-stress-sn6600-ld-t0-k10-u35,etp31a,sc02-ocs-k06-u41,1
sc02-stress-sn6600-ld-t0-k10-u35,etp31b,sc02-ocs-k06-u41,2
sc02-stress-sn6600-ld-t0-k10-u35,etp32a,sc02-ocs-k06-u41,3
sc02-stress-sn6600-ld-t0-k10-u35,etp32b,sc02-ocs-k06-u41,4
sc02-stress-sn6600-ld-t0-k10-u35,etp33a,sc02-ocs-k07-u35,1
sc02-stress-sn6600-ld-t0-k10-u35,etp33b,sc02-ocs-k07-u35,2
sc02-stress-sn6600-ld-t0-k10-u35,etp34a,sc02-ocs-k07-u35,3
sc02-stress-sn6600-ld-t0-k10-u35,etp34b,sc02-ocs-k07-u35,4
sc02-stress-sn6600-ld-t0-k10-u35,etp35a,sc02-ocs-k07-u37,1
sc02-stress-sn6600-ld-t0-k10-u35,etp35b,sc02-ocs-k07-u37,2
sc02-stress-sn6600-ld-t0-k10-u35,etp36a,sc02-ocs-k07-u37,3
sc02-stress-sn6600-ld-t0-k10-u35,etp36b,sc02-ocs-k07-u37,4
sc02-stress-sn6600-ld-t0-k10-u35,etp3a,sc02-ocs-k06-u37,1
sc02-stress-sn6600-ld-t0-k10-u35,etp3b,sc02-ocs-k06-u37,2
sc02-stress-sn6600-ld-t0-k10-u35,etp4a,sc02-ocs-k06-u37,3
sc02-stress-sn6600-ld-t0-k10-u35,etp4b,sc02-ocs-k06-u37,4
sc02-stress-sn6600-ld-t0-k10-u35,etp61a,sc02-ocs-k07-u39,1
sc02-stress-sn6600-ld-t0-k10-u35,etp61b,sc02-ocs-k07-u39,2
sc02-stress-sn6600-ld-t0-k10-u35,etp62a,sc02-ocs-k07-u39,3
sc02-stress-sn6600-ld-t0-k10-u35,etp62b,sc02-ocs-k07-u39,4
sc02-stress-sn6600-ld-t0-k10-u35,etp63a,sc02-ocs-k07-u41,1
sc02-stress-sn6600-ld-t0-k10-u35,etp63b,sc02-ocs-k07-u41,2
sc02-stress-sn6600-ld-t0-k10-u35,etp64a,sc02-ocs-k07-u41,3
sc02-stress-sn6600-ld-t0-k10-u35,etp64b,sc02-ocs-k07-u41,4
sc02-stress-sn6600-ld-t0-k10-u37,etp1a,sc02-ocs-k08-u35,1
sc02-stress-sn6600-ld-t0-k10-u37,etp1b,sc02-ocs-k08-u35,2
sc02-stress-sn6600-ld-t0-k10-u37,etp29a,sc02-ocs-k08-u39,1
sc02-stress-sn6600-ld-t0-k10-u37,etp29b,sc02-ocs-k08-u39,2
sc02-stress-sn6600-ld-t0-k10-u37,etp2a,sc02-ocs-k08-u35,3
sc02-stress-sn6600-ld-t0-k10-u37,etp2b,sc02-ocs-k08-u35,4
sc02-stress-sn6600-ld-t0-k10-u37,etp30a,sc02-ocs-k08-u39,3
sc02-stress-sn6600-ld-t0-k10-u37,etp30b,sc02-ocs-k08-u39,4
sc02-stress-sn6600-ld-t0-k10-u37,etp31a,sc02-ocs-k08-u41,1
sc02-stress-sn6600-ld-t0-k10-u37,etp31b,sc02-ocs-k08-u41,2
sc02-stress-sn6600-ld-t0-k10-u37,etp32a,sc02-ocs-k08-u41,3
sc02-stress-sn6600-ld-t0-k10-u37,etp32b,sc02-ocs-k08-u41,4
sc02-stress-sn6600-ld-t0-k10-u37,etp33a,sc02-ocs-k09-u35,1
sc02-stress-sn6600-ld-t0-k10-u37,etp33b,sc02-ocs-k09-u35,2
sc02-stress-sn6600-ld-t0-k10-u37,etp34a,sc02-ocs-k09-u35,3
sc02-stress-sn6600-ld-t0-k10-u37,etp34b,sc02-ocs-k09-u35,4
sc02-stress-sn6600-ld-t0-k10-u37,etp35a,sc02-ocs-k09-u37,1
sc02-stress-sn6600-ld-t0-k10-u37,etp35b,sc02-ocs-k09-u37,2
sc02-stress-sn6600-ld-t0-k10-u37,etp36a,sc02-ocs-k09-u37,3
sc02-stress-sn6600-ld-t0-k10-u37,etp36b,sc02-ocs-k09-u37,4
sc02-stress-sn6600-ld-t0-k10-u37,etp3a,sc02-ocs-k08-u37,1
sc02-stress-sn6600-ld-t0-k10-u37,etp3b,sc02-ocs-k08-u37,2
sc02-stress-sn6600-ld-t0-k10-u37,etp4a,sc02-ocs-k08-u37,3
sc02-stress-sn6600-ld-t0-k10-u37,etp4b,sc02-ocs-k08-u37,4
sc02-stress-sn6600-ld-t0-k10-u37,etp61a,sc02-ocs-k09-u39,1
sc02-stress-sn6600-ld-t0-k10-u37,etp61b,sc02-ocs-k09-u39,2
sc02-stress-sn6600-ld-t0-k10-u37,etp62a,sc02-ocs-k09-u39,3
sc02-stress-sn6600-ld-t0-k10-u37,etp62b,sc02-ocs-k09-u39,4
sc02-stress-sn6600-ld-t0-k10-u37,etp63a,sc02-ocs-k09-u41,1
sc02-stress-sn6600-ld-t0-k10-u37,etp63b,sc02-ocs-k09-u41,2
sc02-stress-sn6600-ld-t0-k10-u37,etp64a,sc02-ocs-k09-u41,3
sc02-stress-sn6600-ld-t0-k10-u37,etp64b,sc02-ocs-k09-u41,4
