StartDevice,StartPort,EndDevice,EndPort,BandWidth,VlanID,VlanMode,AutoNeg
vlab-kne-t1-01,Ethernet0,VM0100,Ethernet0,40000,0,Access,off
vlab-kne-t1-01,Ethernet4,VM0101,Ethernet0,40000,0,Access,off
vlab-kne-t1-01,Ethernet8,VM0102,Ethernet0,40000,0,Access,off
vlab-kne-t1-01,Ethernet12,VM0103,Ethernet0,40000,0,Access,off
vlab-kne-t1-01,Ethernet16,VM0104,Ethernet0,40000,0,Access,off
vlab-kne-t1-01,Ethernet20,VM0105,Ethernet0,40000,0,Access,off
vlab-kne-t1-01,Ethernet24,VM0106,Ethernet0,40000,0,Access,off
vlab-kne-t1-01,Ethernet28,VM0107,Ethernet0,40000,0,Access,off
vlab-kne-t1-01,Ethernet32,VM0108,Ethernet0,40000,0,Access,off
vlab-kne-t1-01,Ethernet36,VM0109,Ethernet0,40000,0,Access,off
vlab-kne-t1-01,Ethernet40,VM0110,Ethernet0,40000,0,Access,off
vlab-kne-t1-01,Ethernet44,VM0111,Ethernet0,40000,0,Access,off
vlab-kne-t1-01,Ethernet48,VM0112,Ethernet0,40000,0,Access,off
vlab-kne-t1-01,Ethernet52,VM0113,Ethernet0,40000,0,Access,off
vlab-kne-t1-01,Ethernet56,VM0114,Ethernet0,40000,0,Access,off
vlab-kne-t1-01,Ethernet60,VM0115,Ethernet0,40000,0,Access,off
vlab-kne-t1-01,Ethernet64,VM0116,Ethernet0,40000,0,Access,off
vlab-kne-t1-01,Ethernet68,VM0117,Ethernet0,40000,0,Access,off
vlab-kne-t1-01,Ethernet72,VM0118,Ethernet0,40000,0,Access,off
vlab-kne-t1-01,Ethernet76,VM0119,Ethernet0,40000,0,Access,off
vlab-kne-t1-01,Ethernet80,VM0120,Ethernet0,40000,0,Access,off
vlab-kne-t1-01,Ethernet84,VM0121,Ethernet0,40000,0,Access,off
vlab-kne-t1-01,Ethernet88,VM0122,Ethernet0,40000,0,Access,off
vlab-kne-t1-01,Ethernet92,VM0123,Ethernet0,40000,0,Access,off
vlab-kne-t1-01,Ethernet96,VM0124,Ethernet0,40000,0,Access,off
vlab-kne-t1-01,Ethernet100,VM0125,Ethernet0,40000,0,Access,off
vlab-kne-t1-01,Ethernet104,VM0126,Ethernet0,40000,0,Access,off
vlab-kne-t1-01,Ethernet108,VM0127,Ethernet0,40000,0,Access,off
vlab-kne-t1-01,Ethernet112,VM0128,Ethernet0,40000,0,Access,off
vlab-kne-t1-01,Ethernet116,VM0129,Ethernet0,40000,0,Access,off
vlab-kne-t1-01,Ethernet120,VM0130,Ethernet0,40000,0,Access,off
vlab-kne-t1-01,Ethernet124,VM0131,Ethernet0,40000,0,Access,off
